Name,Date,value
f34041,02-03-2023,201.1775175
x132784,02-03-2023,145.0791724
f44033,02-03-2023,125.8516852
n51781,02-03-2023,226.6136887
r62929,02-03-2023,118.6688131
p58703,02-03-2023,176.4855789
l56355,02-03-2023,180.0018642
d124472,02-03-2023,156.877087
f6111,02-03-2023,137.353086
j104487,02-03-2023,187.7785403
v170863,02-03-2023,167.6343434
i213651,02-03-2023,107.8749374
p198533,02-03-2023,182.2959226
o158450,02-03-2023,135.6156108
x210689,02-03-2023,161.2528263
u134301,02-03-2023,123.6660839
l15614,02-03-2023,213.6789224
s168067,02-03-2023,167.5586131
j82700,02-03-2023,153.4761752
j68138,02-03-2023,126.6331759
s45567,02-03-2023,117.6215471
b79426,02-03-2023,175.8556794
d117037,02-03-2023,216.1748886
h41896,02-03-2023,173.1338233
p128773,02-03-2023,168.8564384
v70141,02-03-2023,144.7624814
d214893,02-03-2023,194.205893
n148384,02-03-2023,216.1403219
v82122,02-03-2023,112.6368454
e41920,02-03-2023,124.3702429
p152100,02-03-2023,163.7309721
w156283,02-03-2023,106.9287022
u189752,02-03-2023,161.7259477
n75160,02-03-2023,192.2439165
k133371,02-03-2023,231.150224
d210552,02-03-2023,212.1805002
u123412,02-03-2023,234.2464749
f229539,02-03-2023,156.0487739
i24784,02-03-2023,117.0840915
p181999,02-03-2023,187.8826546
m77060,02-03-2023,200.8316731
X74457,02-03-2023,117.6562532
i128729,02-03-2023,164.181959
b117397,02-03-2023,121.5374935
u42807,02-03-2023,137.9810449
a84075,02-03-2023,130.8844741
c215593,02-03-2023,198.3532859
l5103,02-03-2023,133.0018976
X45045,02-03-2023,162.0667628
v119379,02-03-2023,109.622586
h8522,02-03-2023,189.8145761
b64666,02-03-2023,159.9996695
k218692,02-03-2023,153.2469373
i32774,02-03-2023,139.7659019
m170566,02-03-2023,175.963431
q228963,02-03-2023,117.0821272
u83437,02-03-2023,154.520473
b72408,02-03-2023,128.2580726
w96482,02-03-2023,104.016232
c100507,02-03-2023,156.4280428
q206522,02-03-2023,117.7691616
l228941,02-03-2023,136.9894108
c82424,02-03-2023,203.1616228
d190022,02-03-2023,177.1834027
d193380,02-03-2023,216.9363721
c131800,02-03-2023,153.8567071
g104283,02-03-2023,113.1385579
b124189,02-03-2023,171.4359381
d217591,02-03-2023,145.6469193
c35799,02-03-2023,103.5250787
v106861,02-03-2023,116.1555149
v176912,02-03-2023,216.5787071
l115632,02-03-2023,228.9819098
f161606,02-03-2023,207.3175768
f47011,02-03-2023,128.3503957
a116641,02-03-2023,221.6524398
n30127,02-03-2023,121.868024
s46227,02-03-2023,103.2138972
u60396,02-03-2023,161.3308909
X69157,02-03-2023,177.348215
p17525,02-03-2023,154.3713487
u43732,02-03-2023,225.4153414
m10172,02-03-2023,154.2289133
d113316,02-03-2023,208.2888809
a86761,02-03-2023,122.5047706
t82841,02-03-2023,196.1016837
g186293,02-03-2023,116.0978739
i112245,02-03-2023,138.4014561
i78258,02-03-2023,173.0490061
t73085,02-03-2023,106.9537465
w81901,02-03-2023,161.2726736
m204786,02-03-2023,183.0533053
w119221,02-03-2023,220.4628258
m30682,02-03-2023,175.3866804
x33080,02-03-2023,200.5781442
h231772,02-03-2023,200.9423303
t26221,02-03-2023,159.7302393
q124345,02-03-2023,199.1032082
n57874,02-03-2023,142.5697033
h130173,02-03-2023,170.6789492
a90303,02-03-2023,116.0512199
p85322,02-03-2023,148.4118017
w140065,02-03-2023,199.0713773
t54272,02-03-2023,196.867828
q46302,02-03-2023,171.2365397
t32718,02-03-2023,176.6896248
n161870,02-03-2023,152.6340435
m193666,02-03-2023,109.5676494
t112988,02-03-2023,108.0046148
e207580,02-03-2023,181.3976913
q186283,02-03-2023,137.7913434
m217886,02-03-2023,211.5605799
k53638,02-03-2023,127.9948458
n175843,02-03-2023,222.1488458
f63873,02-03-2023,105.7940137
m155310,02-03-2023,136.4733191
a100813,02-03-2023,117.5058909
k111643,02-03-2023,99.67706992
k144359,02-03-2023,172.5105405
e66757,02-03-2023,151.5852001
n129819,02-03-2023,192.9709636
m98766,02-03-2023,98.93629
r51947,02-03-2023,224.3083929
i108437,02-03-2023,196.9563538
k98452,02-03-2023,135.8503451
d195175,02-03-2023,141.5602164
l110731,02-03-2023,204.8317165
u43956,02-03-2023,160.7582848
q74414,02-03-2023,94.38530438
g220866,02-03-2023,114.4951565
n59480,02-03-2023,132.6562376
m28780,02-03-2023,188.6714419
g136505,02-03-2023,178.9405759
s212905,02-03-2023,227.7215814
a20667,02-03-2023,142.5782726
o58243,02-03-2023,106.157193
g22491,02-03-2023,171.8614098
m112866,02-03-2023,146.9943948
n79869,02-03-2023,193.1134392
r146614,02-03-2023,192.8349374
d107741,02-03-2023,213.0853563
g134956,02-03-2023,163.8807292
d59410,02-03-2023,190.4376501
x36239,02-03-2023,117.5449543
w13626,02-03-2023,192.5113061
f180557,02-03-2023,228.5725482
d54396,02-03-2023,162.8735767
p77169,02-03-2023,160.8908945
n19148,02-03-2023,228.394505
a187852,02-03-2023,155.5052436
p14411,02-03-2023,95.33839358
i152009,02-03-2023,159.1816789
c99741,02-03-2023,182.9380256
f29107,02-03-2023,179.8496242
g44567,02-03-2023,176.7783884
k146842,02-03-2023,169.8242933
d55046,02-03-2023,138.8323958
i72930,02-03-2023,102.7075432
a19343,02-03-2023,133.8623449
h192035,02-03-2023,141.9812476
d207483,02-03-2023,111.3148846
X8868,02-03-2023,214.6766251
l209702,02-03-2023,113.1284612
f52928,02-03-2023,159.7289678
o30161,02-03-2023,114.3401291
q108499,02-03-2023,220.7290051
n231562,02-03-2023,165.1435215
o222728,02-03-2023,176.741687
e220709,02-03-2023,95.08163315
r57967,02-03-2023,173.9963408
h118164,02-03-2023,134.8299206
o91308,02-03-2023,128.9078034
p105641,02-03-2023,192.9717562
k114281,02-03-2023,175.2606001
w68991,02-03-2023,190.0722159
n47731,02-03-2023,148.9872914
s23909,02-03-2023,163.8219742
v117652,02-03-2023,142.8597822
s31446,02-03-2023,189.4907429
b70037,02-03-2023,149.4623871
s207867,02-03-2023,205.7047041
n224422,02-03-2023,182.9021848
k25470,02-03-2023,136.0834691
t36322,02-03-2023,101.4228919
j28090,02-03-2023,107.856803
f42731,02-03-2023,99.7086424
e139466,02-03-2023,134.0888111
h139801,02-03-2023,156.8901611
x133990,02-03-2023,152.0620445
c119642,02-03-2023,197.8122743
v152965,02-03-2023,119.6080629
v180925,02-03-2023,206.7118841
l224569,02-03-2023,98.54052316
b36476,02-03-2023,216.6737695
n134509,02-03-2023,130.8539646
p47498,02-03-2023,157.7251954
d130267,02-03-2023,105.1548053
r183647,02-03-2023,215.5657321
f42678,02-03-2023,162.2119659
i81281,02-03-2023,125.5665979
e190047,02-03-2023,200.2840809
f81844,02-03-2023,163.9799071
p147767,02-03-2023,119.6572371
m22289,02-03-2023,139.8424897
h58596,02-03-2023,173.2270845
d124954,02-03-2023,180.9626353
h171779,02-03-2023,164.8429282
e224564,02-03-2023,177.6298952
d227426,02-03-2023,171.3055214
m129643,02-03-2023,110.91726
a229184,02-03-2023,202.1192563
i22140,02-03-2023,206.1353497
X124932,02-03-2023,204.6992627
u60884,02-03-2023,150.4201199
f127159,02-03-2023,118.7748928
q192917,02-03-2023,171.9995444
a213916,02-03-2023,114.0523209
e19141,02-03-2023,197.5754251
q103932,02-03-2023,128.3822575
i131517,02-03-2023,217.1535933
m143441,02-03-2023,209.0994598
p90182,02-03-2023,131.4935295
j159394,02-03-2023,192.6981764
m119468,02-03-2023,205.412577
h84799,02-03-2023,184.8875573
t164881,02-03-2023,93.96472304
k175558,02-03-2023,186.285134
m15427,02-03-2023,121.8933731
p53170,02-03-2023,188.3448028
c24003,02-03-2023,220.9482993
q216276,02-03-2023,97.0951674
o99938,02-03-2023,158.0051855
b133402,02-03-2023,140.9477253
i158799,02-03-2023,192.1211176
r87045,02-03-2023,103.343178
m103845,02-03-2023,184.0640602
i59033,02-03-2023,161.3517248
u232570,02-03-2023,132.4030664
p23930,02-03-2023,126.138753
X214744,02-03-2023,173.9255444
a183200,02-03-2023,192.5747859
h213031,02-03-2023,142.8473957
u6046,02-03-2023,118.8102672
b81913,02-03-2023,206.1934817
c87931,02-03-2023,150.8254851
q105587,02-03-2023,220.7841413
r115539,02-03-2023,163.1289323
b30538,02-03-2023,173.5481891
m16528,02-03-2023,160.920734
s158624,02-03-2023,203.3871426
h40058,02-03-2023,105.6658722
c145858,02-03-2023,186.9169709
d2437,02-03-2023,186.4625866
v164488,02-03-2023,201.5181342
w40337,02-03-2023,205.7293642
b17357,02-03-2023,118.7531961
c167336,02-03-2023,124.3637656
t119487,02-03-2023,182.0753757
l105500,02-03-2023,161.6865906
i212151,02-03-2023,216.4112509
u36380,02-03-2023,178.8019023
p55795,02-03-2023,116.9423552
n22571,02-03-2023,141.4219818
q82239,02-03-2023,202.6387477
r158427,02-03-2023,172.2023065
w62848,02-03-2023,115.9032618
k30547,02-03-2023,206.9351307
e114321,02-03-2023,190.5971785
q178754,02-03-2023,156.2843875
b144092,02-03-2023,218.7712846
q23290,02-03-2023,184.9380618
o85540,02-03-2023,150.7568341
g68390,02-03-2023,186.8475387
t121513,02-03-2023,137.116893
e37976,02-03-2023,209.2164532
a28867,02-03-2023,172.1807788
p126648,02-03-2023,111.2775454
i25818,02-03-2023,170.9227458
s208786,02-03-2023,120.1273846
t156428,02-03-2023,142.9950456
x5972,02-03-2023,96.16706
d161719,02-03-2023,101.4871725
f61201,02-03-2023,182.2375488
m61972,02-03-2023,121.9211914
x33612,02-03-2023,180.5355442
o69727,02-03-2023,138.5852021
n82639,02-03-2023,164.7049833
h219062,02-03-2023,102.7501482
g157079,02-03-2023,123.3786117
v132486,02-03-2023,201.0765453
r204366,02-03-2023,91.851868
b170029,02-03-2023,181.9278297
q45177,02-03-2023,209.3470601
i218672,02-03-2023,144.5941136
d202152,02-03-2023,111.1686452
e26679,02-03-2023,223.4819905
c85612,02-03-2023,126.4915953
v80518,02-03-2023,223.2393561
p106802,02-03-2023,177.2538721
n2547,02-03-2023,216.5340556
p70097,02-03-2023,187.4305365
k70016,02-03-2023,100.0469717
a182477,02-03-2023,174.0872974
q83092,02-03-2023,135.9157714
b183870,02-03-2023,212.2749393
b229803,02-03-2023,207.5592946
b10482,02-03-2023,168.025713
X154633,02-03-2023,169.5865965
X124402,02-03-2023,131.2537649
m163384,02-03-2023,215.2491286
g4308,02-03-2023,140.5023136
e200623,02-03-2023,104.2449548
r179950,02-03-2023,141.0031844
r135292,02-03-2023,223.4354212
b131537,02-03-2023,212.7760583
i224197,02-03-2023,114.2137031
o92555,02-03-2023,184.5313457
r178069,02-03-2023,103.8958041
o73234,02-03-2023,96.41653489
r44883,02-03-2023,193.0289039
n38297,02-03-2023,186.2350348
a221239,02-03-2023,187.5371839
n190245,02-03-2023,139.4179851
l193424,02-03-2023,187.3761139
X180459,02-03-2023,132.5287055
x63553,02-03-2023,179.823994
e114815,02-03-2023,133.5864934
n61050,02-03-2023,187.0234553
X118100,02-03-2023,108.2300067
w184377,02-03-2023,214.7015395
a210992,02-03-2023,101.8917293
i201363,02-03-2023,141.9381342
i145041,02-03-2023,147.0190696
m30390,02-03-2023,107.8350801
t146221,02-03-2023,202.3835239
f181448,02-03-2023,160.6135292
w159410,02-03-2023,168.5664059
d132797,02-03-2023,105.2613759
l131768,02-03-2023,153.434238
k30100,02-03-2023,216.3090504
j44762,02-03-2023,102.2088834
u101558,02-03-2023,122.8498119
l104467,02-03-2023,187.2515828
e103608,02-03-2023,204.6640376
h168734,02-03-2023,103.7506653
n205173,02-03-2023,159.7517933
n96952,02-03-2023,99.76246209
g145860,02-03-2023,208.6494046
l6126,02-03-2023,144.5172777
c99876,02-03-2023,182.0304233
m70979,02-03-2023,161.8196695
u154519,02-03-2023,123.9759732
p19731,02-03-2023,158.0957778
r231393,02-03-2023,126.8687291
h124760,02-03-2023,105.7051507
u43309,02-03-2023,93.65436956
p181387,02-03-2023,101.284721
g181036,02-03-2023,157.4223092
h164389,02-03-2023,98.32522249
t84129,02-03-2023,154.4136713
t167179,02-03-2023,163.5597966
x136873,02-03-2023,206.7779129
k60031,02-03-2023,88.86152552
e175040,02-03-2023,184.8466871
n186245,02-03-2023,185.3496505
t39282,02-03-2023,171.4668926
m159074,02-03-2023,102.9343514
w129095,02-03-2023,136.3439947
h44864,02-03-2023,127.8394374
h47535,02-03-2023,115.886808
v123515,02-03-2023,131.3207298
k173194,02-03-2023,193.2535817
f35023,02-03-2023,102.5448764
h23509,02-03-2023,102.2753506
n75149,02-03-2023,176.8716583
h183272,02-03-2023,108.0290474
j4403,02-03-2023,114.8172784
o233949,02-03-2023,123.5451752
v70025,02-03-2023,116.2068326
n205555,02-03-2023,92.14651082
j90950,02-03-2023,94.7608955
g230303,02-03-2023,194.7887122
l118553,02-03-2023,207.9148949
k190373,02-03-2023,213.9323599
t89253,02-03-2023,130.7250586
b2608,02-03-2023,181.5606567
r116385,02-03-2023,208.4763981
r145697,02-03-2023,173.5489353
d50954,02-03-2023,141.3885216
e142195,02-03-2023,160.5535642
k67787,02-03-2023,104.5942168
a218591,02-03-2023,94.57740902
h53085,02-03-2023,132.411678
b211160,02-03-2023,112.0878404
f100157,02-03-2023,180.8148168
w22730,02-03-2023,100.4265751
g81044,02-03-2023,162.1812339
u85666,02-03-2023,221.2463512
t225475,02-03-2023,199.0904057
q206775,02-03-2023,188.7379666
a158645,02-03-2023,138.0812012
k179813,02-03-2023,194.1708793
c80998,02-03-2023,166.1459802
o20147,02-03-2023,91.02698769
e21359,02-03-2023,121.3856297
b166549,02-03-2023,134.6304973
p224439,02-03-2023,171.0134119
h10968,02-03-2023,162.4902628
e87109,02-03-2023,136.2846447
a122732,02-03-2023,138.2109264
f18078,02-03-2023,188.7439508
m34734,02-03-2023,210.657986
w26038,02-03-2023,149.6455632
e145601,02-03-2023,209.1631382
x21892,02-03-2023,137.0103565
k188045,02-03-2023,148.7476023
w172744,02-03-2023,215.3276364
b8964,02-03-2023,131.8302261
m2562,02-03-2023,95.71820083
k141199,02-03-2023,206.4142764
o37791,02-03-2023,93.31632035
k164328,02-03-2023,155.0585816
r218940,02-03-2023,114.9413237
n61568,02-03-2023,172.0962772
n199478,02-03-2023,94.97784387
b206297,02-03-2023,221.7742678
o214753,02-03-2023,117.4951737
X133611,02-03-2023,183.4392228
d135524,02-03-2023,93.89639282
s170442,02-03-2023,124.3453098
a52563,02-03-2023,173.9188231
c197844,02-03-2023,102.4037051
b219977,02-03-2023,120.9685951
d87076,02-03-2023,108.3569986
m168212,02-03-2023,214.2752325
b210568,02-03-2023,97.45760733
u83865,02-03-2023,184.5591701
n30549,02-03-2023,187.9544257
i77697,02-03-2023,133.6940305
v70208,02-03-2023,173.8081269
g122394,02-03-2023,218.255752
n84756,02-03-2023,198.2789963
h189664,02-03-2023,202.517891
h44135,02-03-2023,168.6481523
d44117,02-03-2023,148.1080152
b78458,02-03-2023,205.0160827
c151943,02-03-2023,92.22228434
w193351,02-03-2023,161.4406499
l72119,02-03-2023,149.4668705
b172587,02-03-2023,198.6603963
u227571,02-03-2023,104.9326218
f22641,02-03-2023,209.414226
b199403,02-03-2023,113.414525
t232599,02-03-2023,201.8124942
d190483,02-03-2023,212.1176449
j201889,02-03-2023,217.6024439
k157578,02-03-2023,151.5724185
X168300,02-03-2023,160.6309187
p147020,02-03-2023,192.148285
v54251,02-03-2023,196.1716132
e203763,02-03-2023,113.4408129
v40090,02-03-2023,175.6280282
f206588,02-03-2023,200.5885324
d106585,02-03-2023,192.2706963
c112541,02-03-2023,172.8137872
h8397,02-03-2023,83.10327657
s152220,02-03-2023,195.6169153
s177861,02-03-2023,213.2415407
h90277,02-03-2023,211.841164
b55594,02-03-2023,165.7211196
s104565,02-03-2023,163.6203828
s110731,02-03-2023,218.5930825
s193194,02-03-2023,154.8593234
m177063,02-03-2023,131.088076
l118690,02-03-2023,194.316367
b113052,02-03-2023,204.6796743
f13404,02-03-2023,113.1637677
w59430,02-03-2023,197.669665
a137349,02-03-2023,85.23638237
k203178,02-03-2023,138.0564183
t69831,02-03-2023,126.425718
o233554,02-03-2023,157.9733297
s191822,02-03-2023,179.5025708
l131707,02-03-2023,156.4846664
b166009,02-03-2023,117.6007675
i62583,02-03-2023,137.9618864
o81429,02-03-2023,117.4859154
c35792,02-03-2023,134.2599952
f48757,02-03-2023,126.1759237
i109049,02-03-2023,212.3673554
q232521,02-03-2023,161.916738
s194871,02-03-2023,108.7564576
t108161,02-03-2023,131.3437935
c87589,02-03-2023,184.6639123
b140952,02-03-2023,166.275153
l82205,02-03-2023,119.5968527
c164873,02-03-2023,200.7057238
b97425,02-03-2023,205.3302926
r160789,02-03-2023,102.5381093
u14725,02-03-2023,161.0649707
d167746,02-03-2023,128.3927905
f59043,02-03-2023,182.4083726
c112667,02-03-2023,149.4766662
d129329,02-03-2023,120.623963
e156476,02-03-2023,216.0077285
a60558,02-03-2023,170.378913
h110,02-03-2023,96.37239148
m110741,02-03-2023,95.13419807
f66215,02-03-2023,115.3239138
t144203,02-03-2023,195.5588323
m139823,02-03-2023,106.192203
t228389,02-03-2023,108.5127115
p131000,02-03-2023,99.2703019
j5625,02-03-2023,172.5159573
s168781,02-03-2023,146.8295466
f153625,02-03-2023,210.3037352
u179424,02-03-2023,148.283529
m47960,02-03-2023,160.226292
o113724,02-03-2023,166.86218
X33164,02-03-2023,221.5052156
g166716,02-03-2023,201.0165236
d184724,02-03-2023,149.243361
v119718,02-03-2023,183.6306927
u39861,02-03-2023,210.765013
s106359,02-03-2023,85.0932038
l68216,02-03-2023,178.8016487
w77851,02-03-2023,200.2556487
k78205,02-03-2023,171.5196627
n29574,02-03-2023,179.9720658
a150641,02-03-2023,154.2681986
n71553,02-03-2023,207.5839657
a93200,02-03-2023,192.8343773
w133863,02-03-2023,165.2440222
c14510,02-03-2023,103.8220744
a149986,02-03-2023,193.572836
o233658,02-03-2023,161.1875433
b160395,02-03-2023,132.008583
f6020,02-03-2023,216.4544961
x26156,02-03-2023,98.8429658
h46387,02-03-2023,207.6909635
r199658,02-03-2023,201.7812762
k20606,02-03-2023,217.0394282
r152290,02-03-2023,111.9627319
h94754,02-03-2023,160.02036
t219105,02-03-2023,164.9732499
c82844,02-03-2023,107.1613947
j10673,02-03-2023,198.6893316
t180201,02-03-2023,211.6497103
u29613,02-03-2023,218.6008481
g157577,02-03-2023,156.1409615
e162490,02-03-2023,126.800126
q48412,02-03-2023,127.0054033
t15513,02-03-2023,144.4104309
a141412,02-03-2023,129.3064405
d36384,02-03-2023,152.7406733
m95078,02-03-2023,177.9452529
l222653,02-03-2023,90.92870708
p13100,02-03-2023,191.7432057
m47091,02-03-2023,123.1498662
j99374,02-03-2023,138.9865565
l216847,02-03-2023,186.4791738
b223771,02-03-2023,149.5406444
k55125,02-03-2023,222.2829529
l79427,02-03-2023,180.7750205
n218104,02-03-2023,213.5655927
c145960,02-03-2023,173.9207647
q186906,02-03-2023,157.3486595
k78724,02-03-2023,114.1646008
s163015,02-03-2023,131.6173047
r98399,02-03-2023,96.9661711
p221670,02-03-2023,100.4855928
o53547,02-03-2023,195.8222848
r65541,02-03-2023,214.4131231
h112663,02-03-2023,160.0614947
m124329,02-03-2023,143.7780264
l13065,02-03-2023,189.581334
r11704,02-03-2023,206.6709593
k184389,02-03-2023,201.6515731
n165399,02-03-2023,103.4642814
l54285,02-03-2023,166.1888064
k96009,02-03-2023,133.9666334
o189463,02-03-2023,209.3278775
d35423,02-03-2023,133.6458662
j215590,02-03-2023,115.1817615
u155943,02-03-2023,135.5129065
w115595,02-03-2023,134.5802595
l54898,02-03-2023,224.7009069
v206311,02-03-2023,229.9912603
e1,02-03-2023,118.3449893
a121607,02-03-2023,108.5669077
a48806,02-03-2023,131.2648297
n166861,02-03-2023,105.5288301
b198658,02-03-2023,215.8656848
X146812,02-03-2023,193.1936098
s150042,02-03-2023,187.2572255
g116524,02-03-2023,171.4389598
c53740,02-03-2023,180.8471554
i218592,02-03-2023,178.2112352
d1318,02-03-2023,90.0462028
g201626,02-03-2023,102.2451518
x104481,02-03-2023,194.7846627
l128432,02-03-2023,109.360954
w198952,02-03-2023,163.9112373
b85834,02-03-2023,132.7585178
e46084,02-03-2023,177.5468814
i103042,02-03-2023,165.0168953
X195632,02-03-2023,148.6344667
j123195,02-03-2023,173.0681662
q135126,02-03-2023,116.4739019
g103376,02-03-2023,219.2092061
o75474,02-03-2023,109.1342946
u191228,02-03-2023,174.1762616
d74733,02-03-2023,98.64579084
s30529,02-03-2023,133.3625431
c200357,02-03-2023,114.6045666
g46657,02-03-2023,169.0384891
i158626,02-03-2023,171.0308517
c4212,02-03-2023,104.7923649
t144346,02-03-2023,112.8022569
b143481,02-03-2023,173.38082
o192693,02-03-2023,119.2642807
o168949,02-03-2023,114.7755553
c96635,02-03-2023,177.5886413
a111723,02-03-2023,138.6099777
t119221,02-03-2023,159.6613591
d133094,02-03-2023,95.02675245
f31286,02-03-2023,138.7599927
m164079,02-03-2023,150.676324
m213489,02-03-2023,139.6242933
a38043,02-03-2023,195.4896298
j57196,02-03-2023,176.0935853
e199596,02-03-2023,116.9387612
a41387,02-03-2023,162.0765883
k77436,02-03-2023,104.6834816
o154708,02-03-2023,92.15939128
i175684,02-03-2023,95.23592373
p158342,02-03-2023,113.5311702
b194649,02-03-2023,100.2482319
n1690,02-03-2023,156.1178738
k193991,02-03-2023,152.3954249
h49847,02-03-2023,102.9673752
m230475,02-03-2023,132.1417315
h158183,02-03-2023,183.0304266
n203466,02-03-2023,115.3620847
d222795,02-03-2023,199.6820132
d222584,02-03-2023,122.6968934
j31529,02-03-2023,156.4447698
k61269,02-03-2023,184.9140967
c44346,02-03-2023,187.1837522
e38410,02-03-2023,190.1804997
n208830,02-03-2023,195.293051
k126905,02-03-2023,152.5321333
s232572,02-03-2023,115.3606596
j104926,02-03-2023,114.4459663
e115010,02-03-2023,160.2802799
k167853,02-03-2023,199.1311922
f5693,02-03-2023,136.0874523
p62878,02-03-2023,154.3417023
u132431,02-03-2023,129.1029608
w168893,02-03-2023,136.6396136
m164932,02-03-2023,135.6629945
j137136,02-03-2023,169.4729725
d128074,02-03-2023,206.1996275
a117509,02-03-2023,217.2329943
r14485,02-03-2023,157.2268786
w133037,02-03-2023,118.5394583
X9242,02-03-2023,94.2931992
h82598,02-03-2023,150.5358473
s118742,02-03-2023,217.2223535
d220744,02-03-2023,202.7073273
p226038,02-03-2023,142.9033085
f133230,02-03-2023,178.2799017
s79832,02-03-2023,96.72663877
c194980,02-03-2023,172.4801548
q91657,02-03-2023,141.2399406
o119736,02-03-2023,216.4552451
c207810,02-03-2023,118.9530246
w183786,02-03-2023,124.281942
i228936,02-03-2023,203.5611983
q135291,02-03-2023,198.3007803
i145577,02-03-2023,183.8976089
f128424,02-03-2023,199.3462356
w45923,02-03-2023,201.8137843
c108645,02-03-2023,137.2441874
k85109,02-03-2023,108.0696
l163556,02-03-2023,173.8854079
b110316,02-03-2023,98.35348714
l25638,02-03-2023,210.7533929
k68591,02-03-2023,103.8048322
a24127,02-03-2023,108.2022403
s113446,02-03-2023,101.7086869
f115172,02-03-2023,97.38688187
g73098,02-03-2023,189.7779987
x21707,02-03-2023,113.5964281
b148495,02-03-2023,201.6847233
q29143,02-03-2023,221.1972487
q20944,02-03-2023,206.5881913
s217023,02-03-2023,123.4232106
a159495,02-03-2023,194.8760659
i89556,02-03-2023,159.1448122
h31794,02-03-2023,160.8484205
x233543,02-03-2023,217.2048844
r130467,02-03-2023,189.5456432
e189263,02-03-2023,220.663373
p38396,02-03-2023,137.3471707
l135218,02-03-2023,125.0658638
n184214,02-03-2023,193.1872215
x62919,02-03-2023,198.7307361
h115227,02-03-2023,179.5506476
l28555,02-03-2023,162.6700711
i15818,02-03-2023,206.9753584
g27381,02-03-2023,115.4473953
t13536,02-03-2023,144.367536
t39906,02-03-2023,134.6418297
b38909,02-03-2023,208.0596237
u106481,02-03-2023,223.1167979
g8005,02-03-2023,134.2098163
t221827,02-03-2023,102.2008967
k222875,02-03-2023,197.5534567
s197401,02-03-2023,213.3368297
b88750,02-03-2023,197.9545614
t47798,02-03-2023,153.871783
u51640,02-03-2023,216.8097194
b130705,02-03-2023,195.0835297
v198457,02-03-2023,112.8167152
d177435,02-03-2023,100.0548563
f227944,02-03-2023,117.36627
j115091,02-03-2023,193.40273
r32006,02-03-2023,146.4132625
b153969,02-03-2023,222.8384354
o193012,02-03-2023,112.1429105
q149989,02-03-2023,100.5470013
n174637,02-03-2023,112.4382333
b37569,02-03-2023,89.51782192
c4706,02-03-2023,160.9963185
c43635,02-03-2023,186.2551458
u37921,02-03-2023,156.5429117
c185774,02-03-2023,169.7125712
g46625,02-03-2023,173.6499047
b35533,02-03-2023,210.4388915
u68551,02-03-2023,192.4534714
f54111,02-03-2023,179.9572916
c23288,02-03-2023,213.3485711
c115994,02-03-2023,201.6767491
r139758,02-03-2023,122.8598839
r121564,02-03-2023,106.2242847
h214551,02-03-2023,191.267105
i126152,02-03-2023,190.2328473
d36668,02-03-2023,142.7592442
e2824,02-03-2023,127.2694226
o88708,02-03-2023,122.7421525
m2005,02-03-2023,150.1252063
p213825,02-03-2023,191.7234192
i153920,02-03-2023,112.0967487
g6542,02-03-2023,167.174636
q197841,02-03-2023,127.7623644
o49112,02-03-2023,142.4574201
a173769,02-03-2023,222.411564
a179390,02-03-2023,166.7242748
d29298,02-03-2023,192.5303599
o210402,02-03-2023,176.4649188
h15557,02-03-2023,134.0125388
v28605,02-03-2023,211.031938
w128718,02-03-2023,203.1143704
r180166,02-03-2023,144.7524547
a26095,02-03-2023,200.9733933
X103105,02-03-2023,184.7667424
p115801,02-03-2023,100.1110252
u165439,02-03-2023,103.0927898
i211140,02-03-2023,195.272329
u67837,02-03-2023,188.5434943
b39684,02-03-2023,106.6527499
f1707,02-03-2023,97.96543462
j193460,02-03-2023,113.767668
t145838,02-03-2023,141.1778387
r208473,02-03-2023,171.5724393
k59046,02-03-2023,143.7984549
m99281,02-03-2023,85.1623576
d31897,02-03-2023,199.4656129
a142368,02-03-2023,186.2826468
q43824,02-03-2023,104.7702636
l94928,02-03-2023,164.9040559
b64610,02-03-2023,116.9703331
x160524,02-03-2023,103.1849121
m117158,02-03-2023,144.5603242
k198678,02-03-2023,200.7998081
o108198,02-03-2023,187.6665303
a65788,02-03-2023,203.7382479
c183265,02-03-2023,91.72065351
p82481,02-03-2023,101.3700539
d229064,02-03-2023,97.59991287
d71059,02-03-2023,112.973648
g28115,02-03-2023,180.0516004
e85301,02-03-2023,188.343146
l234687,02-03-2023,166.4807227
t176453,02-03-2023,181.6250988
a203869,02-03-2023,183.0607564
k69564,02-03-2023,125.0630701
f98724,02-03-2023,185.5157973
f25488,02-03-2023,107.1512134
r84294,02-03-2023,101.8679933
u182917,02-03-2023,175.9663228
d50606,02-03-2023,104.9579229
s187469,02-03-2023,193.3631958
t233811,02-03-2023,93.69452907
a121501,02-03-2023,102.1102332
d205938,02-03-2023,101.4824138
i145529,02-03-2023,126.8888428
s207795,02-03-2023,194.7872845
X60602,02-03-2023,152.96483
h129258,02-03-2023,156.9045099
e210306,02-03-2023,114.6012117
r66659,02-03-2023,99.16658113
k140671,02-03-2023,165.4286877
w18980,02-03-2023,127.0798456
q69900,02-03-2023,190.3612827
r149816,02-03-2023,153.446624
o231971,02-03-2023,206.5852559
j72741,02-03-2023,117.3395677
w73805,02-03-2023,133.5042788
w147296,02-03-2023,175.0578723
t51501,02-03-2023,187.18614
s201907,02-03-2023,150.9406934
e133433,02-03-2023,201.4255678
p211814,02-03-2023,167.7182035
o118742,02-03-2023,85.61457876
j127635,02-03-2023,155.4731205
k78648,02-03-2023,102.1726767
f164162,02-03-2023,200.5841117
n19058,02-03-2023,134.3401015
g210724,02-03-2023,199.428411
d18587,02-03-2023,185.9513623
k36459,02-03-2023,140.6727335
l164146,02-03-2023,140.3716323
v218931,02-03-2023,141.5423192
r181042,02-03-2023,192.1907693
d205014,02-03-2023,90.01744389
d212027,02-03-2023,161.845486
v34834,02-03-2023,128.6007704
c57871,02-03-2023,153.9549614
p166677,02-03-2023,201.0072999
f7394,02-03-2023,216.799516
u115906,02-03-2023,152.704882
r46263,02-03-2023,171.7191373
s223814,02-03-2023,196.9891717
d127037,02-03-2023,143.4025989
t40051,02-03-2023,170.0641885
s106260,02-03-2023,105.6398257
h35988,02-03-2023,199.809553
q165311,02-03-2023,170.4388527
v113741,02-03-2023,145.4210317
x166142,02-03-2023,108.8935252
j60728,02-03-2023,207.567044
r22492,02-03-2023,138.6673326
k209098,02-03-2023,226.1837715
t207858,02-03-2023,135.5314416
h183170,02-03-2023,125.7678419
b5509,02-03-2023,196.5394386
v63147,02-03-2023,214.2333423
X142658,02-03-2023,99.07948643
t22815,02-03-2023,104.7026362
n32329,02-03-2023,148.7342408
k99419,02-03-2023,113.911472
o126682,02-03-2023,176.8456335
X74991,02-03-2023,137.4344607
s113852,02-03-2023,133.4514286
l129714,02-03-2023,145.7186725
r45079,02-03-2023,226.0224861
h48195,02-03-2023,85.57073484
s73424,02-03-2023,198.3472401
n211701,02-03-2023,186.5717794
k167286,02-03-2023,116.5277711
w53081,02-03-2023,103.7818043
g71789,02-03-2023,173.5406882
e27515,02-03-2023,119.3305614
g144546,02-03-2023,125.1010013
d35908,02-03-2023,118.7425962
l77272,02-03-2023,212.9155587
l233590,02-03-2023,196.2872278
s89492,02-03-2023,159.302674
h52991,02-03-2023,115.3483074
v140631,02-03-2023,199.0098237
c156283,02-03-2023,179.9182083
o6706,02-03-2023,216.8602099
d197383,02-03-2023,103.637319
u148409,02-03-2023,205.1371167
x191870,02-03-2023,162.7111769
a162485,02-03-2023,92.79524674
l83332,02-03-2023,186.1108158
o53377,02-03-2023,109.8962344
e234563,02-03-2023,160.6862953
g4242,02-03-2023,199.6707549
n152689,02-03-2023,120.6253823
s99501,02-03-2023,169.285459
w224157,02-03-2023,153.6285536
r19477,02-03-2023,210.939542
d196600,02-03-2023,137.4065923
u30827,02-03-2023,153.9225609
w112000,02-03-2023,137.4915371
g196592,02-03-2023,187.0209123
l68499,02-03-2023,169.1110507
u183297,02-03-2023,191.6522194
a3657,02-03-2023,92.3936685
h135770,02-03-2023,123.8821711
t233316,02-03-2023,108.870917
l226895,02-03-2023,194.1618144
w55468,02-03-2023,97.72924515
j167943,02-03-2023,130.2671604
o53589,02-03-2023,196.7242577
u18313,02-03-2023,139.2750125
p160137,02-03-2023,218.1423294
p172975,02-03-2023,128.0035737
u82955,02-03-2023,229.4095466
h118698,02-03-2023,191.0179029
k211709,02-03-2023,218.7482027
a178657,02-03-2023,222.27037
X5734,02-03-2023,221.9409722
g196664,02-03-2023,190.1036865
k140810,02-03-2023,181.1820475
r195203,02-03-2023,102.1120161
u100262,02-03-2023,213.883668
q74444,02-03-2023,167.4613008
g194419,02-03-2023,145.1219886
v3202,02-03-2023,224.9159736
p8895,02-03-2023,152.9840257
l114340,02-03-2023,134.0717591
p192536,02-03-2023,105.9714153
X10079,02-03-2023,100.783895
w107870,02-03-2023,97.79400546
c113838,02-03-2023,218.6619839
h203393,02-03-2023,155.0912845
i22579,02-03-2023,122.7497255
s114390,02-03-2023,220.9426329
q141471,02-03-2023,205.4912849
X19449,02-03-2023,205.3523353
n120146,02-03-2023,203.0183506
o49346,02-03-2023,173.520235
e48515,02-03-2023,203.59778
x153205,02-03-2023,220.9875782
p134270,02-03-2023,158.8494495
c6431,02-03-2023,113.9612717
f102604,02-03-2023,147.1073835
h104939,02-03-2023,195.616046
k109781,02-03-2023,127.9008285
t145715,02-03-2023,127.247392
b65462,02-03-2023,98.20638985
m159392,02-03-2023,131.4755422
g162749,02-03-2023,179.7512509
l95164,02-03-2023,129.9049831
j134829,02-03-2023,220.5409484
x99347,02-03-2023,173.9725982
h24793,02-03-2023,136.4783481
m92207,02-03-2023,103.855957
q209412,02-03-2023,145.8707279
d27511,02-03-2023,211.7652579
x171875,02-03-2023,232.7673769
w197884,02-03-2023,183.3737232
g34275,02-03-2023,119.3242968
x120888,02-03-2023,151.061627
w91609,02-03-2023,167.0208189
s91349,02-03-2023,123.4028576
r103182,02-03-2023,186.6641777
m107588,02-03-2023,200.607798
m230093,02-03-2023,144.7917202
q83462,02-03-2023,126.0914882
o118897,02-03-2023,160.904725
u206313,02-03-2023,193.0206443
k104598,02-03-2023,225.0927531
a198665,02-03-2023,210.4897356
j67886,02-03-2023,183.0709672
g216187,02-03-2023,127.9036206
g6950,02-03-2023,144.1933308
c203501,02-03-2023,106.2494433
m145035,02-03-2023,140.0668759
h50223,02-03-2023,224.5316061
c17269,02-03-2023,143.0383323
u75591,02-03-2023,215.5008083
n143174,02-03-2023,220.462419
o30053,02-03-2023,104.7768628
e28333,02-03-2023,151.6369331
f110653,02-03-2023,117.2715518
q51495,02-03-2023,146.8555227
q207441,02-03-2023,189.5693105
f33116,02-03-2023,190.8105298
a128424,02-03-2023,207.8313437
b160540,02-03-2023,221.7927203
u141821,02-03-2023,211.0260554
a118050,02-03-2023,191.8246176
k87653,02-03-2023,231.1433611
w78051,02-03-2023,224.7585017
f24243,02-03-2023,138.982268
n194285,02-03-2023,168.9644084
r220568,02-03-2023,154.6875548
a65003,02-03-2023,184.6892254
b97176,02-03-2023,185.8534192
p91699,02-03-2023,114.599834
s53407,02-03-2023,154.460007
s114115,02-03-2023,171.9827587
o205181,02-03-2023,102.6632283
q150239,02-03-2023,228.4963928
j3020,02-03-2023,160.9348664
u234281,02-03-2023,110.0796196
e6497,02-03-2023,167.8566997
u224854,02-03-2023,152.002551
a100752,02-03-2023,112.3078055
b144241,02-03-2023,193.4646444
k82188,02-03-2023,195.3731159
m218390,02-03-2023,196.2853414
t151076,02-03-2023,133.6965725
m142061,02-03-2023,182.8750351
g32436,02-03-2023,226.0388423
d33309,02-03-2023,122.3951292
m222759,02-03-2023,216.7411504
b138840,02-03-2023,117.9432764
p119173,02-03-2023,158.0180983
g181864,02-03-2023,171.5590758
e216759,02-03-2023,222.4075284
f40878,02-03-2023,162.0190919
X42557,02-03-2023,205.9482295
k91813,02-03-2023,102.1245395
f15842,02-03-2023,140.7046512
o102076,02-03-2023,129.1391538
i151000,02-03-2023,115.8845332
g77,02-03-2023,121.1001498
f208275,02-03-2023,188.1738518
r212165,02-03-2023,123.1707528
n77087,02-03-2023,218.2707597
h160186,02-03-2023,131.4516514
d223919,02-03-2023,143.6882093
i190591,02-03-2023,162.9641908
p219596,02-03-2023,118.4055578
m98681,02-03-2023,164.6779789
o495,02-03-2023,108.6615304
m97036,02-03-2023,143.5821085
s94550,02-03-2023,121.9625685
w112168,02-03-2023,193.5743517
p99631,02-03-2023,154.9474699
s188923,02-03-2023,207.4187283
q54746,02-03-2023,194.3701399
s30492,02-03-2023,205.1570745
d150323,02-03-2023,173.6355411
k171714,02-03-2023,152.2643107
h225950,02-03-2023,227.8876803
d1210,02-03-2023,193.8842632
v89635,02-03-2023,119.8546723
h24196,02-03-2023,196.6692492
l8499,02-03-2023,111.4640138
q89281,02-03-2023,183.6685141
w103894,02-03-2023,137.9141664
s142108,02-03-2023,179.7394449
w14842,02-03-2023,187.1707578
t139194,02-03-2023,109.0494063
j222728,02-03-2023,221.2937932
b95982,02-03-2023,218.2579476
f22788,02-03-2023,105.9132094
m93638,02-03-2023,102.417196
w9153,02-03-2023,213.6020084
c70077,02-03-2023,195.1970937
w175539,02-03-2023,231.2533196
m206478,02-03-2023,225.045488
o228802,02-03-2023,188.832444
g37596,02-03-2023,162.5692599
e99859,02-03-2023,205.9560834
t63125,02-03-2023,228.9872541
q81822,02-03-2023,160.4737554
p135504,02-03-2023,115.9121048
u65194,02-03-2023,168.1487299
w60692,02-03-2023,128.6340097
v115613,02-03-2023,111.793341
i168848,02-03-2023,110.2559534
v63876,02-03-2023,173.2312371
j211094,02-03-2023,161.4381911
h177987,02-03-2023,108.5944748
a84206,02-03-2023,115.4285749
v24302,02-03-2023,204.6961462
s25595,02-03-2023,146.2038137
m104533,02-03-2023,176.2921658
j86322,02-03-2023,130.2054305
v143386,02-03-2023,135.1673347
d109763,02-03-2023,115.9303449
r152119,02-03-2023,212.1633195
q223563,02-03-2023,223.3066738
w150225,02-03-2023,205.9305881
o8506,02-03-2023,192.2140889
p97927,02-03-2023,188.0933977
g181646,02-03-2023,119.4766743
c25919,02-03-2023,161.8515428
p26099,02-03-2023,111.2355945
i84765,02-03-2023,144.2620588
d83424,02-03-2023,225.3706978
l172507,02-03-2023,227.3149055
i115876,02-03-2023,198.9795927
j212685,02-03-2023,107.0066593
v149031,02-03-2023,194.5219009
l181406,02-03-2023,174.4562353
q208074,02-03-2023,150.0415952
d87949,02-03-2023,222.0842557
l3572,02-03-2023,198.770461
l38669,02-03-2023,184.6817535
t227537,02-03-2023,204.3102583
h38911,02-03-2023,192.2677331
u206398,02-03-2023,107.4296889
k229285,02-03-2023,193.8706204
m95524,02-03-2023,193.0408454
m184056,02-03-2023,208.3006424
e187413,02-03-2023,163.0666029
v12005,02-03-2023,146.1787797
b86967,02-03-2023,109.0571551
r143965,02-03-2023,182.4979236
l151649,02-03-2023,150.9341044
s174573,02-03-2023,171.6113065
g25085,02-03-2023,154.5341519
u72951,02-03-2023,127.9379275
n168829,02-03-2023,146.2776756
u214935,02-03-2023,227.790297
m173476,02-03-2023,196.1573212
u232597,02-03-2023,108.5239857
t82505,02-03-2023,195.7302673
q176751,02-03-2023,194.4523824
f27060,02-03-2023,221.9114717
a8090,02-03-2023,149.7531328
a4306,02-03-2023,104.9896457
p130227,02-03-2023,170.3210325
i182403,02-03-2023,129.7462174
e124853,02-03-2023,213.2678726
f167590,02-03-2023,177.8940851
d128193,02-03-2023,222.4798767
s8646,02-03-2023,167.6426024
h119561,02-03-2023,106.417253
j93507,02-03-2023,202.1747167
m211574,02-03-2023,131.2376724
n34811,02-03-2023,163.4418936
a82691,02-03-2023,172.0204066
b19009,02-03-2023,160.9793316
i33870,02-03-2023,114.8419481
v60237,02-03-2023,130.1152073
p210695,02-03-2023,216.1872247
o61297,02-03-2023,212.5897811
w104587,02-03-2023,225.2157521
o21378,02-03-2023,113.485676
w98403,02-03-2023,152.3280876
s89258,02-03-2023,203.2695408
q225079,02-03-2023,127.1154113
u23848,02-03-2023,131.3649512
r208005,02-03-2023,128.8848085
s161150,02-03-2023,202.8913901
d3083,02-03-2023,163.4976956
a38543,02-03-2023,167.9019933
a82101,02-03-2023,155.5426767
j103149,02-03-2023,178.868675
c200337,02-03-2023,146.8061434
i28034,02-03-2023,129.9816034
u164470,02-03-2023,226.0063159
s190060,02-03-2023,139.4791516
u142615,02-03-2023,217.4419443
j216965,02-03-2023,179.2044086
o170251,02-03-2023,190.9398632
o219706,02-03-2023,194.0514224
u133613,02-03-2023,115.1526369
r69101,02-03-2023,150.1359934
t91021,02-03-2023,133.9123044
c103548,02-03-2023,208.7684514
i36009,02-03-2023,214.3278405
d146289,02-03-2023,178.3408053
r65462,02-03-2023,171.4079839
m38561,02-03-2023,199.8596724
o128117,02-03-2023,111.5149862
l227607,02-03-2023,164.349144
c34786,02-03-2023,173.9712279
w158607,02-03-2023,163.9295339
n223336,02-03-2023,151.9470298
c190198,02-03-2023,136.3449479
j74380,02-03-2023,107.7821755
g90473,02-03-2023,125.2690656
q173919,02-03-2023,108.3935364
a96681,02-03-2023,203.5262029
s47278,02-03-2023,192.2600644
p51045,02-03-2023,224.1210384
v96201,02-03-2023,129.7426003
s69825,02-03-2023,140.6626072
s116950,02-03-2023,112.7437896
o219454,02-03-2023,120.3515923
n54166,02-03-2023,182.7300995
s136071,02-03-2023,104.4681867
c92188,02-03-2023,165.8066342
e64468,02-03-2023,101.2027329
p177127,02-03-2023,106.319313
v145437,02-03-2023,169.8954857
m42508,02-03-2023,198.064301
v156747,02-03-2023,203.9842666
l119632,02-03-2023,112.1046587
q18206,02-03-2023,107.0740656
h20492,02-03-2023,154.2059667
c99396,02-03-2023,193.994003
l223614,02-03-2023,213.3525749
q196322,02-03-2023,181.1005735
e11666,02-03-2023,216.0310516
n137805,02-03-2023,159.2292647
r177028,02-03-2023,134.5891222
s168174,02-03-2023,157.0477405
f203635,02-03-2023,224.5357302
w195603,02-03-2023,118.2779933
j214323,02-03-2023,196.2402311
w84998,02-03-2023,127.9410584
e68302,02-03-2023,150.8980831
p140498,02-03-2023,145.973769
b74777,02-03-2023,145.1415637
j186808,02-03-2023,156.6230249
j173720,02-03-2023,146.6675575
v3420,02-03-2023,132.1013985
x152195,02-03-2023,172.7843431
r88570,02-03-2023,128.4114809
u57463,02-03-2023,129.9633409
g104523,02-03-2023,204.8382788
o213390,02-03-2023,204.5692387
q211719,02-03-2023,157.4143335
n13691,02-03-2023,173.6132208
p49356,02-03-2023,183.6415692
s101743,02-03-2023,187.4922141
s64834,02-03-2023,186.8192923
m72321,02-03-2023,148.8866886
w232145,02-03-2023,198.4272528
d229059,02-03-2023,213.3713484
s71791,02-03-2023,207.965597
r58238,02-03-2023,96.54638446
c92122,02-03-2023,128.4319534
r204265,02-03-2023,127.4110438
t182270,02-03-2023,161.1712682
s203809,02-03-2023,132.1114113
t91717,02-03-2023,128.4441959
f104000,02-03-2023,145.288387
u164328,02-03-2023,228.7542799
d134657,02-03-2023,121.6712989
k10586,02-03-2023,128.2238724
u63206,02-03-2023,172.7614386
v104754,02-03-2023,100.1237733
l73994,02-03-2023,207.2920259
t48485,02-03-2023,192.5903394
r128053,02-03-2023,119.0453809
k161598,02-03-2023,219.0456761
X88703,02-03-2023,221.0122138
u153249,02-03-2023,198.0631131
c199722,02-03-2023,212.3367913
o139923,02-03-2023,116.3541968
q48554,02-03-2023,148.9737794
o110890,02-03-2023,171.6168653
s160640,02-03-2023,202.6649922
j105218,02-03-2023,209.2491979
i218667,02-03-2023,143.5855766
s141336,02-03-2023,220.8378789
e72543,02-03-2023,194.0541955
X13388,02-03-2023,200.7872907
l125358,02-03-2023,135.386107
c7099,02-03-2023,230.4058797
l228049,02-03-2023,120.4441316
n140823,02-03-2023,200.9090518
X90125,02-03-2023,140.2523149
p59068,02-03-2023,100.3839385
w61773,02-03-2023,178.9049249
d215212,02-03-2023,156.4931319
d190813,02-03-2023,104.8602032
h41010,02-03-2023,192.1996124
m45239,02-03-2023,144.6863318
j203589,02-03-2023,176.5908451
j4214,02-03-2023,219.0244835
i178789,02-03-2023,219.4927227
t170739,02-03-2023,190.9249316
o217543,02-03-2023,170.5312387
g131800,02-03-2023,134.0686185
u3899,02-03-2023,115.3224405
q79629,02-03-2023,141.2900271
r128590,02-03-2023,159.7567045
e175391,02-03-2023,202.25463
m172995,02-03-2023,219.6045203
t110050,02-03-2023,211.6363758
m220081,02-03-2023,127.0763196
o36284,02-03-2023,151.7357719
k133140,02-03-2023,119.3554113
c37655,02-03-2023,136.3536069
q24445,02-03-2023,195.8977137
r154324,02-03-2023,214.8235456
b233722,02-03-2023,182.0488979
t81442,02-03-2023,161.2357964
s117813,02-03-2023,182.1589469
x43350,02-03-2023,160.7494409
t152979,02-03-2023,198.3457444
w140275,02-03-2023,219.7078951
w110541,02-03-2023,88.17699437
f201247,02-03-2023,110.7480263
o135909,02-03-2023,190.3195728
r3508,02-03-2023,188.6526655
v158107,02-03-2023,228.9188539
g228842,02-03-2023,169.2215373
l5797,02-03-2023,159.8349729
a180222,02-03-2023,134.7732583
s115805,02-03-2023,154.9920689
X202682,02-03-2023,208.1270782
j229278,02-03-2023,101.1660183
k201378,02-03-2023,111.7572768
e163810,02-03-2023,153.8172846
p42278,02-03-2023,194.7452172
v150293,02-03-2023,208.4610935
m227599,02-03-2023,149.4092454
w143097,02-03-2023,211.9284472
X199463,02-03-2023,104.8796406
v117014,02-03-2023,152.282782
t3530,02-03-2023,159.1014166
l218354,02-03-2023,144.3439956
c26219,02-03-2023,144.7719306
e210395,02-03-2023,166.4091362
e45863,02-03-2023,194.7669947
r62695,02-03-2023,113.1814184
h182011,02-03-2023,108.5850629
s117665,02-03-2023,152.0655558
t97395,02-03-2023,218.3133337
f213664,02-03-2023,187.2391819
q112815,02-03-2023,92.53827941
X47375,02-03-2023,137.8922186
b117334,02-03-2023,192.210823
v218043,02-03-2023,107.0789827
b105805,02-03-2023,164.3919466
e80121,02-03-2023,181.4253182
t91504,02-03-2023,88.65548806
a125820,02-03-2023,117.8912831
l52965,02-03-2023,102.2198359
r29118,02-03-2023,137.4582237
l54097,02-03-2023,183.8784643
v122967,02-03-2023,146.1874717
e133237,02-03-2023,103.1829002
h92928,02-03-2023,224.8664787
p156876,02-03-2023,211.7866582
g87930,02-03-2023,111.0668158
x21143,02-03-2023,146.891472
f60017,02-03-2023,201.2487028
l66488,02-03-2023,106.6521933
c79798,02-03-2023,180.6469761
e233846,02-03-2023,178.5784055
X58083,02-03-2023,146.3254232
q229911,02-03-2023,107.1332372
i111564,02-03-2023,200.8879601
f89015,02-03-2023,112.843213
s106281,02-03-2023,165.0183411
v31871,02-03-2023,165.5297643
a155695,02-03-2023,119.3361185
p205218,02-03-2023,160.9474603
o196433,02-03-2023,130.4715908
n178222,02-03-2023,138.3323174
n222023,02-03-2023,99.72739333
p10674,02-03-2023,137.2369151
e16106,02-03-2023,95.43756711
c199390,02-03-2023,114.1871044
u11160,02-03-2023,138.1095935
p15352,02-03-2023,158.7128158
t223930,02-03-2023,124.8210128
e75988,02-03-2023,162.8525938
n183816,02-03-2023,166.3220896
u84052,02-03-2023,142.6218501
r73607,02-03-2023,117.519575
k95242,02-03-2023,147.5618993
n149387,02-03-2023,152.6922946
c41030,02-03-2023,119.0335705
r174795,02-03-2023,115.5552091
m132854,02-03-2023,134.3975061
c76291,02-03-2023,109.5394824
u227784,02-03-2023,95.81524988
c18259,02-03-2023,134.2166642
v146906,02-03-2023,144.2092345
j114302,02-03-2023,209.8064354
s223424,02-03-2023,167.9395662
b69457,02-03-2023,96.20074295
j161997,02-03-2023,217.338546
r170081,02-03-2023,116.5835713
o67800,02-03-2023,189.3522599
a32166,02-03-2023,142.7318305
s16866,02-03-2023,140.1116879
t53300,02-03-2023,138.259925
X115077,02-03-2023,147.5625251
p23163,02-03-2023,157.6977029
e145019,02-03-2023,161.5328747
X37470,02-03-2023,108.1065929
w66118,02-03-2023,110.2979936
c80165,02-03-2023,97.21441416
n69235,02-03-2023,138.3715429
r179445,02-03-2023,128.2346729
q116802,02-03-2023,108.6632574
d80247,02-03-2023,103.0216101
e7208,02-03-2023,180.8911274
X30546,02-03-2023,123.3419502
r97298,02-03-2023,115.6702868
x141676,02-03-2023,98.72803869
l43197,02-03-2023,121.8991112
o181600,02-03-2023,134.1330013
a224273,02-03-2023,194.0650471
f45908,02-03-2023,135.1237861
v142804,02-03-2023,165.5187925
k102708,02-03-2023,215.2305532
p165231,02-03-2023,216.9597873
c174571,02-03-2023,95.42552393
g190638,02-03-2023,154.5540784
u175182,02-03-2023,149.6832677
c140582,02-03-2023,160.5591843
n56403,02-03-2023,133.8919055
m18483,02-03-2023,164.4532005
f107336,02-03-2023,209.7381748
n43877,02-03-2023,179.9046928
d145014,02-03-2023,123.49178
w34288,02-03-2023,228.4476345
e70452,02-03-2023,164.3678815
j203180,02-03-2023,129.2718424
l126072,02-03-2023,103.7213173
a118925,02-03-2023,122.2776456
g214455,02-03-2023,145.1688978
k115537,02-03-2023,108.3606905
X92678,02-03-2023,98.36938543
o8661,02-03-2023,212.1507768
f75753,02-03-2023,132.0769282
v103280,02-03-2023,139.0658803
b199082,02-03-2023,194.3039086
p122590,02-03-2023,160.8445091
a106340,02-03-2023,103.2433859
g112609,02-03-2023,180.1208087
j118664,02-03-2023,136.0312172
w135677,02-03-2023,176.8505721
f224860,02-03-2023,125.8001118
j7713,02-03-2023,101.2081036
e151094,02-03-2023,97.05541195
e79110,02-03-2023,115.2839014
t121095,02-03-2023,121.6569455
q173949,02-03-2023,152.4905233
c146056,02-03-2023,179.5095823
v87009,02-03-2023,121.4146184
e73867,02-03-2023,195.7688102
q123882,02-03-2023,134.5943939
r162056,02-03-2023,141.0845852
o120314,02-03-2023,142.026006
g184924,02-03-2023,196.4429773
w160589,02-03-2023,199.8235052
r50674,02-03-2023,98.83467893
u35828,02-03-2023,102.9589523
f111494,02-03-2023,204.3398403
l30960,02-03-2023,124.2151588
v109730,02-03-2023,167.1008858
f19722,02-03-2023,86.97555141
r208088,02-03-2023,86.23709134
k26263,02-03-2023,124.9118701
d86188,02-03-2023,164.8804069
t187290,02-03-2023,170.556931
g128911,02-03-2023,132.7084249
n103144,02-03-2023,159.1871339
t28337,02-03-2023,158.581692
s129688,02-03-2023,184.09543
r221201,02-03-2023,206.3687697
j7806,02-03-2023,156.9389875
b60498,02-03-2023,170.7647337
m95613,02-03-2023,205.0463503
o22668,02-03-2023,132.4736426
d4731,02-03-2023,144.3300196
i136607,02-03-2023,180.5641415
n8012,02-03-2023,172.8797388
a35862,02-03-2023,142.6532142
h125373,02-03-2023,117.2241481
m205589,02-03-2023,110.8781827
l122608,02-03-2023,204.4371016
m221252,02-03-2023,119.4977099
q9888,02-03-2023,207.3672773
n90469,02-03-2023,107.1819629
p132341,02-03-2023,190.6830478
e48452,02-03-2023,143.6799366
e170917,02-03-2023,104.119183
k12671,02-03-2023,162.9132007
t181565,02-03-2023,200.5305377
b219717,02-03-2023,128.0642623
v120692,02-03-2023,113.5467924
h229596,02-03-2023,164.2356313
q147797,02-03-2023,179.0854883
i186054,02-03-2023,100.2730158
q160162,02-03-2023,130.2294758
f173795,02-03-2023,177.4561769
u78319,02-03-2023,207.1637884
q217353,02-03-2023,105.5062737
s103013,02-03-2023,203.4924816
w167811,02-03-2023,175.2834138
a15957,02-03-2023,144.6650757
l65258,02-03-2023,150.198194
l169106,02-03-2023,116.8952242
w202496,02-03-2023,93.16208622
l39427,02-03-2023,143.3850215
l19038,02-03-2023,195.2011121
j42131,02-03-2023,177.9405768
x165660,02-03-2023,182.1931027
f64416,02-03-2023,162.8997117
g171971,02-03-2023,104.8255438
v53545,02-03-2023,147.0755215
d125747,02-03-2023,193.9744649
a82092,02-03-2023,97.36006652
e17410,02-03-2023,206.3954006
x172102,02-03-2023,152.6285544
e132445,02-03-2023,186.8928337
b194676,02-03-2023,200.3829149
h213916,02-03-2023,126.2414951
p200638,02-03-2023,218.3302533
n210676,02-03-2023,196.5976138
x185953,02-03-2023,157.5277287
a81397,02-03-2023,212.1530399
g130333,02-03-2023,103.0011295
r180298,02-03-2023,204.6005516
e11853,02-03-2023,201.7891124
n182084,02-03-2023,135.2933006
b45139,02-03-2023,170.0300023
g15886,02-03-2023,120.5094685
l92963,02-03-2023,115.4080351
f69802,02-03-2023,121.9029276
X10128,02-03-2023,151.75581
s89216,02-03-2023,183.8990729
l121711,02-03-2023,227.7238989
m68427,02-03-2023,204.0807606
a111995,02-03-2023,208.1311463
x154298,02-03-2023,156.320742
k194653,02-03-2023,207.1417224
q99147,02-03-2023,201.3976098
c156250,02-03-2023,173.0811749
j168373,02-03-2023,138.8731283
g9573,02-03-2023,144.6485316
p197828,02-03-2023,211.6157665
p89265,02-03-2023,100.029348
b227985,02-03-2023,130.3749937
o39901,02-03-2023,215.8439759
o90069,02-03-2023,195.740513
u136508,02-03-2023,170.2511651
r157985,02-03-2023,106.1190647
q188520,02-03-2023,136.7132976
k232283,02-03-2023,164.0701403
m116400,02-03-2023,139.9801904
s54665,01-03-2023,172.5744745
l133790,01-03-2023,92.53797197
o131598,01-03-2023,134.8315364
u128519,01-03-2023,184.3503038
m179903,01-03-2023,152.1384973
f194429,01-03-2023,71.06581223
u5448,01-03-2023,105.6590631
o64468,01-03-2023,79.53137424
p187988,01-03-2023,72.88922227
p6393,01-03-2023,131.0244826
s29448,01-03-2023,144.0249976
f150453,01-03-2023,208.385288
v92873,01-03-2023,89.86611392
l106192,01-03-2023,85.18459067
l151116,01-03-2023,194.0909788
r120400,01-03-2023,126.073874
a168078,01-03-2023,155.6807341
h202185,01-03-2023,138.0551548
r114483,01-03-2023,101.5878932
u108834,01-03-2023,126.5795667
a162116,01-03-2023,109.9156982
m119576,01-03-2023,183.4022572
l204149,01-03-2023,138.3157017
q40009,01-03-2023,125.5525205
b182456,01-03-2023,97.93411072
w56242,01-03-2023,196.6230458
e104173,01-03-2023,132.6699959
h150898,01-03-2023,107.4296596
c90034,01-03-2023,182.2635843
s8068,01-03-2023,106.2806298
h19510,01-03-2023,139.1320785
p129484,01-03-2023,205.8946283
t69012,01-03-2023,158.825298
f225507,01-03-2023,119.2181953
m177732,01-03-2023,195.879417
j138897,01-03-2023,127.1834423
g170651,01-03-2023,208.8486292
k36911,01-03-2023,198.6076614
x196643,01-03-2023,178.9233941
e135952,01-03-2023,102.3428096
a101775,01-03-2023,140.1842704
p59651,01-03-2023,141.3585321
a83321,01-03-2023,69.41124906
b32797,28-02-2023,111.2114168
g210995,28-02-2023,223.6186269
q23764,28-02-2023,112.447173
e101879,28-02-2023,229.5158097
b142073,27-02-2023,81.42403952
n15006,27-02-2023,183.9684212
k207723,24-02-2023,121.2332022
n183684,22-02-2023,204.8575238
s100025,22-02-2023,100.6621813
v36593,22-02-2023,178.7145256
c203952,22-02-2023,124.43967
e30569,22-02-2023,188.1203374
h59047,22-02-2023,210.7309302
r210557,22-02-2023,149.2614419
m148894,22-02-2023,109.8029581
j158235,22-02-2023,131.5366603
k210246,22-02-2023,115.5416825
o145005,22-02-2023,122.0618863
u39908,22-02-2023,123.7634838
e184247,22-02-2023,156.9708651
t38988,22-02-2023,211.7482828
k96618,22-02-2023,150.8972538
l109713,22-02-2023,216.6486937
t154892,22-02-2023,205.6754816
h192587,22-02-2023,130.419469
w225086,22-02-2023,145.218279
g147595,22-02-2023,229.3854341
w172849,22-02-2023,139.8838747
a206423,22-02-2023,208.3924019
g56567,22-02-2023,106.9287155
j188933,22-02-2023,172.0231144
b64121,22-02-2023,159.6640798
m143388,22-02-2023,118.4844798
e39400,22-02-2023,66.07315699
x97220,22-02-2023,213.7762223
p203593,17-02-2023,192.5882415
q229764,15-02-2023,130.0150331
p132400,31-01-2023,145.572129
c77628,25-01-2023,179.23637
o24249,19-01-2023,151.616062
q94448,19-01-2023,85.06915353
i106904,21-11-2022,126.7373738
X14812,17-11-2022,136.3965269
w59217,21-10-2022,72.36203096
X28640,28-09-2022,175.3757182
l157760,21-09-2022,119.9601033
n94042,21-09-2022,145.5334434
k156186,20-09-2022,162.5839605
f34041,09-03-2023,201.1775175
